_id,age,name,gender,company,email,phone,tags[0],tags[1]
6658245e13fd0f5a722bbe4e,24,Harriett Howard,female,VORATAK,harrietthoward@voratak.com,+1 (842) 541-2563,ea,cillum
6658245ea7c346e5179b3674,39,Florine Lamb,female,GROK,florinelamb@grok.com,+1 (905) 582-2809,minim,non
6658245efb6973c38f076392,29,Hazel Gill,female,SKYPLEX,hazelgill@skyplex.com,+1 (940) 400-2307,deserunt,eu
6658245ef3d060125451f9ca,23,Weaver Shepherd,male,PIGZART,weavershepherd@pigzart.com,+1 (911) 573-3543,laborum,quis
6658245e520070509717b7cc,37,Mcbride Fry,male,COMTENT,mcbridefry@comtent.com,+1 (874) 501-2516,nostrud,sunt
6658245edadaae45a23c20dd,22,Myrna Pickett,female,BLURRYBUS,myrnapickett@blurrybus.com,+1 (829) 435-2351,esse,nostrud
6658245ee6d3c6925dc27cdb,29,Mattie Knox,female,ILLUMITY,mattieknox@illumity.com,+1 (949) 547-2944,consequat,aliquip
6658245e433c67eca85ab7e1,37,Reeves Mccullough,male,OPPORTECH,reevesmccullough@opportech.com,+1 (858) 550-3360,adipisicing,nisi
6658245eeeb2d13e82d882a7,20,Neva Cooke,female,EWAVES,nevacooke@ewaves.com,+1 (833) 542-2505,non,deserunt
6658245e35be7e35dcc4c9f1,27,Colette Carrillo,female,MULTIFLEX,colettecarrillo@multiflex.com,+1 (814) 574-3399,ex,nostrud
6658245eaf680fd50aa7ebd3,25,Lillian Holmes,female,VIDTO,lillianholmes@vidto.com,+1 (997) 419-3347,eiusmod,reprehenderit
6658245e50f7ed48a39dbbc6,29,Taylor Gaines,female,POLARIA,taylorgaines@polaria.com,+1 (834) 462-2988,deserunt,enim
6658245e4655baba6845f64f,22,Flowers Rowland,male,QUIZKA,flowersrowland@quizka.com,+1 (932) 521-3352,velit,culpa
6658245ec74469907c63f063,33,Joy May,female,QNEKT,joymay@qnekt.com,+1 (863) 563-3250,minim,quis
6658245ea03f108bae5a7c4b,35,Lindsey Oliver,female,COMBOT,lindseyoliver@combot.com,+1 (896) 599-3391,ad,nostrud
6658245e40f1aa42c8f17876,39,Eunice Justice,female,MUSIX,eunicejustice@musix.com,+1 (989) 528-3963,id,anim
6658245e29b1253c2b192740,33,Kim Morrison,female,MICROLUXE,kimmorrison@microluxe.com,+1 (867) 524-2810,nisi,in
6658245e5098729d0b463a43,26,Paula Carver,female,AQUAMATE,paulacarver@aquamate.com,+1 (822) 537-3526,labore,dolor
6658245e086e1de548cb14dd,40,Goodwin Fischer,male,MAZUDA,goodwinfischer@mazuda.com,+1 (912) 474-2929,anim,et
6658245ee90bbab013958abb,31,Kathrine Woods,female,OPTICALL,kathrinewoods@opticall.com,+1 (981) 417-3352,culpa,ipsum
6658245e0fd228d0a68597ea,28,Baxter Byrd,male,NORSUP,baxterbyrd@norsup.com,+1 (849) 430-2098,officia,fugiat
6658245eb9f8d5e286501b99,33,Dickerson Hernandez,male,BICOL,dickersonhernandez@bicol.com,+1 (980) 587-2997,aute,nulla
6658245e13e0b59697dc5b0e,26,Chelsea Walton,female,PORTICO,chelseawalton@portico.com,+1 (935) 420-2609,aute,excepteur
6658245e1d701d229df29f5a,31,Brigitte Burris,female,CAXT,brigitteburris@caxt.com,+1 (803) 538-3851,officia,et
6658245eecb336af8f055729,34,Pratt Duncan,male,CENTREGY,prattduncan@centregy.com,+1 (944) 560-2670,nostrud,sint
6658245eed399fe84a0ea1fd,28,Nolan Fulton,male,PHARMACON,nolanfulton@pharmacon.com,+1 (866) 529-2655,qui,officia
6658245ef34cd5a1d418539b,38,Elaine Roberts,female,BULLZONE,elaineroberts@bullzone.com,+1 (973) 494-3777,ipsum,do
6658245eac932e8f0668b589,28,Woodward Finley,male,EARGO,woodwardfinley@eargo.com,+1 (822) 444-3350,duis,velit
6658245e2b4f4ac8004a0aab,30,Greta Cherry,female,LEXICONDO,gretacherry@lexicondo.com,+1 (818) 567-3063,sint,ad
6658245eea497eb63596caaa,30,Ramirez Kent,male,NIMON,ramirezkent@nimon.com,+1 (908) 447-2171,nostrud,in
